{"distance":1000,"note_alt":5000,"msg_type":"email","home_lat":43.084259,"home_lon":-77.674322}